Time,T1,T2,Q1,Q2
0,26.506,22.993,0.0,0.0
1.01,26.699,23.154,0.0,0.0
2.02,27.021,23.154,0.0,0.0
3.0,27.086,23.477,0.0,0.0
4.01,27.344,23.477,0.0,0.0
5.01,27.344,23.477,0.0,0.0
6.01,27.666,23.734,0.0,0.0
7.01,27.73,23.799,0.0,0.0
8.01,27.988,23.799,0.0,0.0
9.01,27.988,23.799,0.0,0.0
10.01,27.988,24.024,0.0,0.0
11.01,28.311,24.121,0.0,0.0
12.01,28.311,24.121,0.0,0.0
13.01,28.311,24.121,0.0,0.0
14.0,28.568,24.25,0.0,0.0
15.01,28.633,24.411,0.0,0.0
16.01,28.633,24.443,0.0,0.0
17.01,28.633,24.443,0.0,0.0
18.0,28.633,24.443,0.0,0.0
19.01,28.665,24.443,0.0,0.0
20.01,28.665,24.443,0.0,0.0
21.0,28.826,24.508,0.0,0.0
22.01,28.665,24.669,0.0,0.0
23.0,28.923,24.701,0.0,0.0
24.0,28.955,24.766,0.0,0.0
25.01,28.955,24.766,0.0,0.0
26.01,28.955,24.766,0.0,0.0
27.01,28.923,24.766,0.0,0.0
28.01,28.923,24.766,0.0,0.0
29.0,28.923,24.766,0.0,0.0
30.01,28.858,24.766,0.0,0.0
31.0,28.955,24.766,0.0,0.0
32.01,28.891,24.798,0.0,0.0
33.0,28.891,24.766,0.0,0.0
34.01,28.762,24.766,0.0,0.0
35.01,28.891,24.766,0.0,0.0
36.0,28.794,24.766,0.0,0.0
37.01,28.858,24.766,0.0,0.0
38.0,28.633,24.766,0.0,0.0
39.01,28.665,24.766,0.0,0.0
40.01,28.633,24.766,0.0,0.0
41.0,28.633,24.766,0.0,0.0
42.0,28.633,24.766,0.0,0.0
43.01,28.633,24.766,0.0,0.0
44.0,28.633,24.766,0.0,0.0
45.01,28.633,24.798,0.0,0.0
46.01,28.633,24.766,0.0,0.0
47.01,28.633,24.766,0.0,0.0
48.0,28.536,24.766,0.0,0.0
49.01,28.536,24.766,0.0,0.0
50.0,28.375,24.766,0.0,0.0
51.01,28.311,24.766,0.0,0.0
52.0,28.311,24.766,0.0,0.0
53.01,28.311,24.766,0.0,0.0
54.01,28.246,24.766,0.0,0.0
55.0,28.311,24.766,0.0,0.0
56.01,28.311,24.766,0.0,0.0
57.01,28.311,24.766,0.0,0.0
58.01,28.182,24.766,0.0,0.0
59.01,28.085,24.766,0.0,0.0
60.0,28.021,24.766,0.0,0.0
61.01,27.988,24.766,0.0,0.0
62.01,27.988,24.766,0.0,0.0
63.01,27.956,24.766,0.0,0.0
64.01,27.988,24.766,0.0,0.0
65.0,27.924,24.733,0.0,0.0
66.01,27.988,24.733,0.0,0.0
67.0,27.666,24.701,0.0,0.0
68.01,27.73,24.733,0.0,0.0
69.0,27.666,24.604,0.0,0.0
70.01,27.666,24.443,0.0,0.0
71.0,27.666,24.572,0.0,0.0
72.01,27.537,24.508,0.0,0.0
73.01,27.666,24.443,0.0,0.0
74.01,27.537,24.508,0.0,0.0
75.0,27.569,24.443,0.0,0.0
76.01,27.473,24.443,0.0,0.0
77.01,27.344,24.443,0.0,0.0
78.01,27.344,24.443,0.0,0.0
79.01,27.344,24.443,0.0,0.0
80.01,27.344,24.443,0.0,0.0
81.0,27.312,24.443,0.0,0.0
82.0,27.344,24.443,0.0,0.0
83.01,27.344,24.443,0.0,0.0
84.01,27.215,24.379,0.0,0.0
85.0,27.215,24.379,0.0,0.0
86.0,27.021,24.347,0.0,0.0
87.0,27.021,24.379,0.0,0.0
88.0,27.021,24.282,0.0,0.0
89.01,27.021,24.186,0.0,0.0
90.0,27.021,24.186,0.0,0.0
91.01,26.989,24.121,0.0,0.0
92.0,27.021,24.153,0.0,0.0
93.01,26.796,24.121,0.0,0.0
94.01,26.828,24.121,0.0,0.0
95.01,26.699,24.121,0.0,0.0
96.0,26.699,24.121,0.0,0.0
97.01,26.699,24.121,0.0,0.0
98.02,26.699,24.121,0.0,0.0
99.01,26.667,24.089,0.0,0.0
100.01,26.699,24.121,0.0,0.0
101.01,26.441,24.121,0.0,0.0
102.01,26.506,24.121,0.0,0.0
103.0,26.474,24.057,0.0,0.0
104.01,26.377,24.057,0.0,0.0
105.01,26.377,24.024,0.0,0.0
106.0,26.377,23.992,0.0,0.0
107.01,26.377,23.992,0.0,0.0
108.01,26.377,23.831,0.0,0.0
109.0,26.377,23.863,0.0,0.0
110.0,26.28,23.831,0.0,0.0
111.0,26.055,23.799,0.0,0.0
112.0,26.055,23.799,0.0,0.0
113.01,26.119,23.799,0.0,0.0
114.01,26.055,23.799,0.0,0.0
115.01,26.055,23.799,0.0,0.0
116.01,26.055,23.799,0.0,0.0
117.0,26.022,23.799,0.0,0.0
118.01,26.055,23.799,0.0,0.0
119.0,25.926,23.767,0.0,0.0
120.0,25.99,23.734,60.0,0.0
121.0,25.958,23.799,60.0,0.0
122.01,25.732,23.67,60.0,0.0
123.0,25.765,23.605,60.0,0.0
124.01,25.7,23.573,60.0,0.0
125.01,25.732,23.509,60.0,0.0
126.01,25.732,23.477,60.0,0.0
127.01,25.732,23.477,60.0,0.0
128.0,25.732,23.477,60.0,0.0
129.0,25.732,23.477,60.0,0.0
130.01,25.732,23.477,60.0,0.0
131.0,25.894,23.477,60.0,0.0
132.01,26.022,23.477,60.0,0.0
133.01,26.022,23.477,60.0,0.0
134.0,26.055,23.444,60.0,0.0
135.01,26.055,23.477,60.0,0.0
136.01,26.119,23.477,60.0,0.0
137.0,26.216,23.444,60.0,0.0
138.01,26.377,23.477,60.0,0.0
139.01,26.377,23.38,60.0,0.0
140.01,26.377,23.38,60.0,0.0
141.01,26.474,23.251,60.0,0.0
142.0,26.699,23.219,60.0,0.0
143.01,26.699,23.315,60.0,0.0
144.0,26.699,23.219,60.0,0.0
145.01,26.957,23.219,60.0,0.0
146.02,27.021,23.219,60.0,0.0
147.01,27.021,23.154,60.0,0.0
148.01,27.247,23.154,60.0,0.0
149.01,27.118,23.154,60.0,0.0
150.01,27.344,23.187,60.0,0.0
151.01,27.376,23.154,60.0,0.0
152.01,27.634,23.154,60.0,0.0
153.0,27.666,23.154,60.0,0.0
154.01,27.763,23.154,60.0,0.0
155.01,27.988,23.154,60.0,0.0
156.0,27.988,23.154,60.0,0.0
157.01,28.214,23.154,60.0,0.0
158.01,28.311,23.154,60.0,0.0
159.01,28.343,23.154,60.0,0.0
160.01,28.375,23.154,60.0,0.0
161.0,28.633,23.154,60.0,0.0
162.01,28.697,23.154,60.0,0.0
163.01,28.762,23.154,60.0,0.0
164.01,28.955,23.154,60.0,0.0
165.01,29.02,23.154,60.0,0.0
166.01,29.277,23.154,60.0,0.0
167.0,29.277,23.154,60.0,0.0
168.01,29.471,23.154,60.0,0.0
169.0,29.6,23.154,60.0,0.0
170.01,29.6,23.154,60.0,0.0
171.01,29.922,23.154,60.0,0.0
172.0,29.922,23.154,60.0,0.0
173.0,30.083,23.122,60.0,0.0
174.01,30.244,23.154,60.0,0.0
175.01,30.244,23.154,60.0,0.0
176.01,30.405,23.154,60.0,0.0
177.01,30.566,23.122,60.0,0.0
178.02,30.566,23.154,60.0,0.0
179.01,30.856,23.154,60.0,0.0
180.0,30.889,23.154,60.0,0.0
181.01,30.889,23.154,60.0,0.0
182.01,31.05,23.154,60.0,0.0
183.01,31.211,23.154,60.0,0.0
184.01,31.211,23.154,60.0,0.0
185.01,31.469,23.154,60.0,0.0
186.01,31.533,23.154,60.0,0.0
187.01,31.598,23.154,60.0,0.0
188.01,31.855,23.154,60.0,0.0
189.01,31.888,23.154,60.0,0.0
190.01,31.92,23.154,60.0,0.0
191.01,32.178,23.154,60.0,0.0
192.0,32.178,23.154,60.0,0.0
193.01,32.468,23.154,60.0,0.0
194.02,32.5,23.154,60.0,0.0
195.01,32.532,23.187,60.0,0.0
196.01,32.758,23.154,60.0,0.0
197.01,32.822,23.154,60.0,0.0
198.01,32.854,23.154,60.0,0.0
199.02,33.048,23.187,60.0,0.0
200.01,33.145,23.154,60.0,0.0
201.01,33.145,23.154,60.0,0.0
202.01,33.306,23.219,60.0,0.0
203.0,33.467,23.154,60.0,0.0
204.0,33.467,23.154,60.0,0.0
205.01,33.531,23.187,60.0,0.0
206.01,33.789,23.187,60.0,0.0
207.01,33.789,23.251,60.0,0.0
208.02,34.015,23.38,60.0,0.0
209.01,34.111,23.283,60.0,0.0
210.0,34.111,23.315,60.0,0.0
211.0,34.176,23.315,60.0,0.0
212.01,34.305,23.38,60.0,0.0
213.01,34.434,23.444,60.0,0.0
214.01,34.498,23.444,60.0,0.0
215.02,34.563,23.412,60.0,0.0
216.01,34.756,23.477,60.0,0.0
217.01,34.788,23.477,60.0,0.0
218.0,34.885,23.477,60.0,0.0
219.0,35.046,23.477,60.0,0.0
220.01,35.078,23.477,60.0,0.0
221.0,35.368,23.477,60.0,0.0
222.01,35.4,23.477,60.0,0.0
223.0,35.4,23.477,60.0,0.0
225.01,35.723,23.477,60.0,0.0
226.0,35.723,23.477,60.0,0.0
227.02,35.723,23.509,60.0,0.0
228.01,36.013,23.477,60.0,0.0
229.0,36.045,23.509,60.0,0.0
230.0,36.077,23.477,60.0,0.0
231.01,36.303,23.573,60.0,0.0
232.01,36.335,23.509,60.0,0.0
233.01,36.367,23.638,60.0,0.0
234.0,36.496,23.702,60.0,0.0
235.02,36.657,23.767,60.0,0.0
236.01,36.689,23.799,60.0,0.0
237.01,36.754,23.799,60.0,0.0
238.01,36.979,23.799,60.0,0.0
239.01,37.012,23.799,60.0,0.0
240.0,36.979,23.799,60.0,0.0
241.01,37.076,23.799,60.0,0.0
242.01,37.205,23.799,60.0,0.0
243.01,37.334,23.799,60.0,0.0
244.0,37.334,23.799,60.0,0.0
245.01,37.334,23.831,60.0,0.0
246.01,37.656,23.863,60.0,0.0
247.0,37.656,23.863,60.0,0.0
248.01,37.688,23.896,60.0,0.0
249.0,37.85,23.928,60.0,0.0
250.01,37.882,23.928,60.0,0.0
251.0,37.979,24.057,60.0,0.0
252.01,38.011,24.121,60.0,0.0
253.01,37.979,24.121,60.0,0.0
254.0,38.269,24.121,60.0,0.0
255.01,38.301,24.121,60.0,0.0
256.01,38.301,24.121,60.0,0.0
257.01,38.301,24.121,60.0,0.0
258.0,38.462,24.121,60.0,0.0
259.01,38.623,24.121,60.0,0.0
260.0,38.623,24.153,60.0,0.0
261.01,38.72,24.153,60.0,0.0
262.01,38.945,24.186,60.0,0.0
263.01,38.945,24.218,60.0,0.0
264.01,38.945,24.411,60.0,0.0
265.01,39.01,24.443,60.0,0.0
266.0,39.235,24.443,60.0,0.0
267.01,39.268,24.411,60.0,0.0
268.01,39.268,24.443,60.0,0.0
269.01,39.268,24.379,60.0,0.0
270.0,39.3,24.443,60.0,0.0
271.01,39.461,24.443,60.0,0.0
272.01,39.59,24.443,60.0,0.0
273.01,39.59,24.443,60.0,0.0
274.01,39.59,24.443,60.0,0.0
275.01,39.59,24.443,60.0,0.0
276.0,39.687,24.443,60.0,0.0
277.01,39.912,24.443,60.0,0.0
278.01,39.912,24.476,60.0,0.0
279.01,39.912,24.604,60.0,0.0
280.01,39.912,24.604,60.0,0.0
281.01,40.105,24.604,60.0,0.0
282.01,40.234,24.766,60.0,0.0
283.0,40.234,24.733,60.0,0.0
284.0,40.234,24.701,60.0,0.0
285.01,40.267,24.766,60.0,0.0
286.01,40.428,24.766,60.0,0.0
287.01,40.363,24.766,60.0,0.0
288.01,40.557,24.766,60.0,0.0
289.02,40.557,24.766,60.0,0.0
290.01,40.557,24.766,60.0,0.0
291.0,40.653,24.766,60.0,0.0
292.01,40.782,24.766,60.0,0.0
293.01,40.879,24.798,60.0,0.0
294.01,40.782,24.766,60.0,0.0
295.0,40.782,24.766,60.0,0.0
296.01,40.879,24.83,60.0,0.0
297.01,41.104,24.959,60.0,0.0
298.0,41.201,24.991,60.0,0.0
299.01,41.201,25.023,60.0,0.0
300.0,41.201,25.023,60.0,0.0
301.01,41.201,25.023,60.0,0.0
302.01,41.298,25.023,60.0,0.0
303.0,41.459,25.088,60.0,0.0
304.02,41.459,25.088,60.0,0.0
305.0,41.523,25.088,60.0,0.0
306.01,41.523,25.088,60.0,0.0
307.0,41.556,25.088,60.0,0.0
308.01,41.556,25.088,60.0,0.0
309.0,41.62,25.088,60.0,0.0
310.01,41.749,25.088,60.0,0.0
311.01,41.813,25.12,60.0,0.0
312.01,41.813,25.12,60.0,0.0
313.0,41.846,25.217,60.0,0.0
314.01,41.846,25.185,60.0,0.0
315.02,41.878,25.281,60.0,0.0
316.01,42.168,25.281,60.0,0.0
317.01,42.168,25.346,60.0,0.0
318.01,42.071,25.346,60.0,0.0
319.0,42.168,25.378,60.0,0.0
320.01,42.168,25.41,60.0,0.0
321.01,42.168,25.41,60.0,0.0
322.0,42.232,25.41,60.0,0.0
323.0,42.458,25.41,60.0,0.0
324.01,42.49,25.41,60.0,0.0
325.0,42.49,25.41,60.0,0.0
326.01,42.522,25.41,60.0,0.0
327.01,42.587,25.41,60.0,0.0
328.01,42.716,25.41,60.0,0.0
329.01,42.813,25.41,60.0,0.0
330.0,42.813,25.41,60.0,0.0
331.01,42.813,25.539,60.0,0.0
332.01,42.813,25.507,60.0,0.0
333.01,42.877,25.668,60.0,0.0
334.0,42.941,25.7,60.0,0.0
335.0,43.103,25.732,60.0,0.0
336.01,43.135,25.732,60.0,0.0
337.0,43.135,25.732,60.0,0.0
338.01,43.135,25.732,60.0,0.0
339.01,43.135,25.732,60.0,0.0
340.01,43.199,25.732,60.0,0.0
341.01,43.328,25.732,60.0,0.0
342.01,43.393,25.732,60.0,0.0
343.01,43.425,25.765,60.0,0.0
344.0,43.425,25.732,60.0,0.0
345.01,43.457,25.732,60.0,0.0
346.01,43.457,25.894,60.0,0.0
347.0,43.489,25.958,60.0,0.0
348.01,43.65,25.99,60.0,0.0
349.01,43.747,26.055,60.0,0.0
350.0,43.683,26.022,60.0,0.0
351.0,43.779,26.055,60.0,0.0
352.01,43.779,26.055,60.0,0.0
353.01,43.779,26.055,60.0,0.0
354.01,43.876,26.087,60.0,0.0
355.01,44.037,26.087,60.0,0.0
356.01,44.005,26.119,60.0,0.0
357.01,44.102,26.087,60.0,0.0
358.0,44.102,26.087,60.0,0.0
359.01,44.102,26.087,60.0,0.0
360.0,44.102,26.184,60.0,0.0
361.0,44.102,26.184,60.0,0.0
362.0,44.102,26.216,60.0,0.0
363.01,44.134,26.313,60.0,0.0
364.01,44.134,26.345,60.0,0.0
365.01,44.263,26.377,60.0,0.0
366.01,44.327,26.377,60.0,0.0
367.0,44.327,26.377,60.0,0.0
368.0,44.424,26.377,60.0,0.0
369.0,44.424,26.377,60.0,0.0
370.01,44.424,26.377,60.0,0.0
371.01,44.424,26.377,60.0,0.0
372.0,44.424,26.377,60.0,0.0
373.01,44.424,26.377,60.0,0.0
374.01,44.424,26.377,60.0,0.0
375.01,44.714,26.377,60.0,0.0
376.0,44.617,26.377,60.0,0.0
377.01,44.746,26.474,60.0,0.0
378.01,44.746,26.409,60.0,0.0
379.01,44.746,26.506,60.0,0.0
380.0,44.746,26.538,60.0,0.0
381.01,44.746,26.506,60.0,0.0
382.0,44.746,26.635,60.0,0.0
383.01,45.004,26.667,60.0,0.0
384.01,45.068,26.699,60.0,0.0
385.01,45.068,26.699,60.0,0.0
386.01,45.068,26.699,60.0,0.0
387.01,45.068,26.699,60.0,0.0
388.0,45.068,26.667,60.0,0.0
389.01,45.068,26.699,60.0,0.0
390.0,45.101,26.699,60.0,0.0
391.01,45.068,26.699,60.0,0.0
392.0,45.101,26.699,60.0,0.0
393.01,45.101,26.699,60.0,0.0
394.0,45.133,26.699,60.0,0.0
395.01,45.165,26.699,60.0,0.0
396.01,45.326,26.828,60.0,0.0
397.01,45.358,26.731,60.0,0.0
398.0,45.358,26.828,60.0,0.0
399.01,45.391,26.86,60.0,0.0
400.0,45.358,26.925,60.0,0.0
401.01,45.391,26.957,60.0,0.0
402.0,45.391,26.989,60.0,0.0
403.0,45.391,26.989,60.0,0.0
404.01,45.391,27.021,60.0,0.0
405.01,45.487,27.021,60.0,0.0
406.0,45.52,27.021,60.0,0.0
407.01,45.681,27.021,60.0,0.0
408.01,45.713,27.021,60.0,0.0
409.01,45.648,27.021,60.0,0.0
410.01,45.713,27.021,60.0,0.0
411.0,45.713,27.021,60.0,0.0
412.01,45.713,27.021,60.0,0.0
413.0,45.713,27.021,60.0,0.0
414.0,45.713,27.054,60.0,0.0
415.01,45.713,27.118,60.0,0.0
416.01,45.874,27.118,60.0,0.0
417.01,45.906,27.15,60.0,0.0
418.01,45.971,27.215,60.0,0.0
419.01,45.971,27.215,60.0,0.0
420.0,46.035,27.279,60.0,0.0
421.02,46.035,27.312,60.0,0.0
422.01,46.035,27.344,60.0,0.0
423.02,46.035,27.344,60.0,0.0
424.01,46.067,27.344,60.0,0.0
425.01,46.035,27.312,60.0,0.0
426.0,46.1,27.344,60.0,0.0
427.0,46.293,27.344,60.0,0.0
428.01,46.357,27.344,60.0,0.0
429.0,46.261,27.344,60.0,0.0
430.0,46.357,27.344,60.0,0.0
431.01,46.357,27.344,60.0,0.0
432.01,46.357,27.344,60.0,0.0
433.01,46.357,27.44,60.0,0.0
434.01,46.422,27.408,60.0,0.0
435.01,46.454,27.473,60.0,0.0
436.0,46.519,27.44,60.0,0.0
437.01,46.519,27.537,60.0,0.0
438.01,46.647,27.569,60.0,0.0
439.0,46.68,27.634,60.0,0.0
440.0,46.68,27.666,60.0,0.0
441.02,46.68,27.666,60.0,0.0
442.01,46.68,27.666,60.0,0.0
443.0,46.68,27.666,60.0,0.0
444.02,46.68,27.666,60.0,0.0
445.01,46.68,27.666,60.0,0.0
446.01,46.68,27.666,60.0,0.0
447.0,46.712,27.666,60.0,0.0
448.01,46.776,27.666,60.0,0.0
449.01,46.809,27.666,60.0,0.0
450.01,46.905,27.666,60.0,0.0
451.0,46.905,27.73,60.0,0.0
452.0,47.002,27.73,60.0,0.0
453.01,46.97,27.763,60.0,0.0
454.01,46.97,27.827,60.0,0.0
455.01,47.002,27.859,60.0,0.0
456.01,47.002,27.924,60.0,0.0
457.01,47.002,27.924,60.0,0.0
458.0,47.002,27.956,60.0,0.0
459.0,47.002,27.988,60.0,0.0
460.0,47.034,27.956,60.0,0.0
461.01,47.131,27.988,60.0,0.0
462.01,47.034,27.988,60.0,0.0
463.01,47.066,27.988,60.0,0.0
464.01,47.034,27.988,60.0,0.0
465.01,47.292,28.021,60.0,0.0
466.01,47.324,27.988,60.0,0.0
467.0,47.324,28.021,60.0,0.0
468.01,47.324,27.988,60.0,0.0
469.01,47.324,27.988,60.0,0.0
470.01,47.324,28.085,60.0,0.0
471.0,47.356,28.021,60.0,0.0
472.01,47.421,28.214,60.0,0.0
473.01,47.356,28.246,60.0,0.0
474.01,47.485,28.246,60.0,0.0
475.0,47.582,28.278,60.0,0.0
476.01,47.55,28.311,60.0,0.0
477.01,47.614,28.311,60.0,0.0
478.01,47.646,28.311,60.0,0.0
479.01,47.646,28.311,60.0,0.0
480.01,47.582,28.311,60.0,0.0
481.01,47.646,28.311,60.0,0.0
482.01,47.646,28.311,60.0,0.0
483.01,47.646,28.311,60.0,0.0
484.0,47.646,28.311,60.0,0.0
485.01,47.646,28.311,60.0,0.0
486.01,47.646,28.311,60.0,0.0
487.0,47.646,28.311,60.0,0.0
488.01,47.646,28.311,60.0,0.0
489.0,47.646,28.311,60.0,0.0
490.01,47.646,28.375,60.0,0.0
491.0,47.646,28.343,60.0,0.0
492.01,47.679,28.439,60.0,0.0
493.0,47.743,28.407,60.0,0.0
494.01,47.84,28.504,60.0,0.0
495.01,47.969,28.568,60.0,0.0
496.01,47.969,28.472,60.0,0.0
497.0,47.969,28.536,60.0,0.0
498.01,47.743,28.633,60.0,0.0
499.0,47.969,28.568,60.0,0.0
500.01,47.84,28.633,60.0,0.0
501.0,47.969,28.568,60.0,0.0
502.0,47.969,28.601,60.0,0.0
503.01,47.969,28.633,60.0,0.0
504.01,47.969,28.633,60.0,0.0
505.02,47.969,28.633,60.0,0.0
506.01,47.969,28.633,60.0,0.0
507.01,47.969,28.633,60.0,0.0
508.0,47.969,28.633,60.0,0.0
509.01,47.969,28.633,60.0,0.0
510.0,47.969,28.633,60.0,0.0
511.0,48.001,28.633,60.0,0.0
512.0,47.969,28.633,60.0,0.0
513.01,48.001,28.697,60.0,0.0
514.01,48.13,28.665,60.0,0.0
515.0,48.065,28.729,60.0,0.0
516.01,48.001,28.665,60.0,0.0
517.02,48.098,28.762,60.0,0.0
518.01,48.259,28.858,60.0,0.0
519.01,48.227,28.762,60.0,0.0
520.0,48.291,28.858,60.0,0.0
521.0,48.291,28.955,60.0,0.0
522.0,48.291,28.858,60.0,0.0
523.0,48.291,28.955,60.0,0.0
524.01,48.291,28.955,60.0,0.0
525.01,48.291,28.955,60.0,0.0
526.01,48.291,28.955,60.0,0.0
527.0,48.291,28.955,60.0,0.0
528.01,48.291,28.955,60.0,0.0
529.0,48.291,28.955,60.0,0.0
530.01,48.452,28.955,60.0,0.0
531.01,48.355,28.955,60.0,0.0
532.01,48.291,28.987,60.0,0.0
533.01,48.42,28.955,60.0,0.0
534.01,48.613,29.02,60.0,0.0
535.02,48.613,28.987,60.0,0.0
536.0,48.452,29.02,60.0,0.0
537.0,48.613,28.955,60.0,0.0
538.0,48.613,29.148,60.0,0.0
539.01,48.613,29.084,60.0,0.0
540.0,48.613,29.245,60.0,0.0
541.0,48.613,29.148,60.0,0.0
542.0,48.613,29.181,60.0,0.0
543.01,48.613,29.245,60.0,0.0
544.0,48.613,29.245,60.0,0.0
545.01,48.613,29.245,60.0,0.0
546.01,48.613,29.277,60.0,0.0
547.01,48.71,29.277,60.0,0.0
548.0,48.742,29.277,60.0,0.0
549.01,48.613,29.277,60.0,0.0
550.01,48.613,29.277,60.0,0.0
551.01,48.581,29.277,60.0,0.0
552.0,48.613,29.277,60.0,0.0
553.01,48.646,29.277,60.0,0.0
554.0,48.646,29.277,60.0,0.0
555.01,48.613,29.277,60.0,0.0
556.0,48.613,29.277,60.0,0.0
557.01,48.613,29.277,60.0,0.0
558.0,48.613,29.277,60.0,0.0
559.01,48.613,29.277,60.0,0.0
560.0,48.613,29.277,60.0,0.0
561.0,48.742,29.277,60.0,0.0
562.01,48.774,29.277,60.0,0.0
563.0,48.646,29.277,60.0,0.0
564.01,48.936,29.31,60.0,0.0
565.02,48.871,29.277,60.0,0.0
566.01,48.936,29.31,60.0,0.0
567.0,48.936,29.374,60.0,0.0
568.01,48.936,29.31,60.0,0.0
569.0,48.936,29.31,60.0,0.0
570.01,48.936,29.277,60.0,0.0
571.01,48.871,29.438,60.0,0.0
572.01,48.936,29.406,60.0,0.0
573.01,48.936,29.374,60.0,0.0
574.01,48.839,29.471,60.0,0.0
575.0,48.936,29.374,60.0,0.0
576.0,48.936,29.438,60.0,0.0
577.0,48.936,29.438,60.0,0.0
578.01,48.839,29.535,60.0,0.0
579.01,48.936,29.406,60.0,0.0
580.01,48.936,29.567,60.0,0.0
581.01,48.936,29.6,60.0,0.0
582.01,48.936,29.6,60.0,0.0
583.0,48.936,29.6,60.0,0.0
584.0,48.936,29.6,60.0,0.0
585.0,48.936,29.6,60.0,0.0
586.01,48.936,29.6,60.0,0.0
587.0,48.936,29.535,60.0,0.0
588.01,48.936,29.6,60.0,0.0
589.01,48.936,29.6,60.0,0.0
590.0,48.936,29.6,60.0,0.0
591.01,48.968,29.567,60.0,0.0
592.01,48.936,29.6,60.0,0.0
593.01,48.936,29.6,60.0,0.0
594.0,48.936,29.6,60.0,0.0
595.0,48.936,29.6,60.0,0.0
596.0,48.936,29.535,60.0,0.0
597.01,48.936,29.6,60.0,0.0
598.01,49.0,29.6,60.0,0.0
599.01,49.032,29.6,60.0,0.0
600.0,49.064,29.6,60.0,0.0
601.0,49.161,29.6,60.0,0.0
602.01,49.226,29.6,60.0,0.0
603.0,49.258,29.6,60.0,0.0
604.01,49.161,29.6,60.0,0.0
605.0,49.193,29.6,60.0,0.0
606.01,49.064,29.6,60.0,0.0
607.01,49.258,29.6,60.0,0.0
608.01,49.0,29.6,60.0,0.0
609.0,49.258,29.6,60.0,0.0
610.01,49.258,29.6,60.0,0.0
611.0,49.129,29.6,60.0,0.0
612.02,49.064,29.6,60.0,0.0
613.01,49.193,29.6,60.0,0.0
614.01,49.226,29.6,60.0,0.0
615.01,49.258,29.6,60.0,0.0
616.01,49.258,29.6,60.0,0.0
617.02,49.258,29.6,60.0,0.0
618.01,49.258,29.6,60.0,0.0
619.0,49.258,29.6,60.0,0.0
620.0,49.258,29.6,60.0,0.0
621.01,49.258,29.6,60.0,0.0
622.0,49.258,29.632,60.0,0.0
623.01,49.258,29.632,60.0,0.0
624.01,49.258,29.6,60.0,0.0
625.01,49.258,29.6,60.0,0.0
626.0,49.29,29.6,60.0,0.0
627.01,49.258,29.632,60.0,0.0
628.0,49.258,29.6,60.0,0.0
629.0,49.29,29.632,60.0,0.0
630.01,49.258,29.664,60.0,0.0
631.01,49.258,29.664,60.0,0.0
632.01,49.322,29.632,60.0,0.0
633.0,49.258,29.761,60.0,0.0
634.01,49.29,29.729,60.0,0.0
635.0,49.387,29.664,60.0,0.0
636.02,49.258,29.729,60.0,0.0
637.01,49.451,29.825,60.0,0.0
638.0,49.548,29.761,60.0,0.0
639.01,49.516,29.922,60.0,0.0
640.01,49.387,29.857,60.0,0.0
641.01,49.516,29.857,60.0,0.0
642.01,49.419,29.922,60.0,0.0
643.01,49.483,29.922,60.0,0.0
644.01,49.548,29.89,60.0,0.0
645.01,49.58,29.857,60.0,0.0
646.01,49.58,29.89,60.0,0.0
647.01,49.548,29.825,60.0,0.0
648.01,49.58,29.89,60.0,0.0
649.01,49.58,29.89,60.0,0.0
650.02,49.58,29.793,60.0,0.0
651.01,49.58,29.825,60.0,0.0
652.01,49.58,29.89,60.0,0.0
653.0,49.58,29.922,60.0,0.0
654.01,49.58,29.922,60.0,0.0
655.0,49.58,29.922,60.0,0.0
656.01,49.58,29.922,60.0,0.0
657.01,49.58,29.922,60.0,0.0
658.01,49.58,29.922,60.0,0.0
659.01,49.58,29.922,60.0,0.0
660.0,49.58,29.922,60.0,0.0
661.01,49.58,29.922,60.0,0.0
662.01,49.58,29.922,60.0,0.0
663.01,49.645,29.922,60.0,0.0
664.0,49.58,29.922,60.0,0.0
665.0,49.58,29.922,60.0,0.0
666.01,49.58,29.922,60.0,0.0
667.01,49.58,29.922,60.0,0.0
668.0,49.58,29.922,60.0,0.0
669.01,49.58,29.922,60.0,0.0
670.01,49.612,29.922,60.0,0.0
671.02,49.741,29.922,60.0,0.0
672.0,49.58,29.922,60.0,0.0
673.01,49.806,29.922,60.0,0.0
674.01,49.87,29.922,60.0,0.0
675.01,49.838,29.922,60.0,0.0
676.0,49.87,29.954,60.0,0.0
677.01,49.902,29.922,60.0,0.0
678.01,49.902,29.954,60.0,0.0
679.01,49.87,29.922,60.0,0.0
680.0,49.902,29.986,60.0,0.0
681.0,49.902,29.922,60.0,0.0
682.01,49.902,29.922,60.0,0.0
683.01,49.902,29.986,60.0,0.0
684.01,49.902,29.986,60.0,0.0
685.0,49.902,29.986,60.0,0.0
686.01,49.902,29.954,60.0,0.0
687.01,49.902,29.922,60.0,0.0
688.01,49.902,29.954,60.0,0.0
689.02,49.902,30.019,60.0,0.0
690.01,49.902,29.922,60.0,0.0
691.01,49.902,30.115,60.0,0.0
692.01,49.902,29.986,60.0,0.0
693.01,49.902,29.954,60.0,0.0
694.01,49.902,30.147,60.0,0.0
695.01,49.902,30.083,60.0,0.0
696.01,49.902,30.083,60.0,0.0
697.01,49.902,30.18,60.0,0.0
698.0,49.902,30.147,60.0,0.0
699.01,49.902,30.115,60.0,0.0
700.01,49.902,29.986,60.0,0.0
701.02,49.902,30.244,60.0,0.0
702.01,49.902,30.115,60.0,0.0
703.01,49.902,30.212,60.0,0.0
704.01,49.902,30.244,60.0,0.0
705.01,49.935,30.244,60.0,0.0
706.0,49.902,30.244,60.0,0.0
707.01,49.902,30.244,60.0,0.0
708.0,49.902,30.212,60.0,0.0
709.01,49.902,30.244,60.0,0.0
710.01,49.902,30.244,60.0,0.0
711.01,49.902,30.244,60.0,0.0
712.0,49.902,30.244,60.0,0.0
713.01,49.902,30.244,60.0,0.0
714.01,49.902,30.244,60.0,0.0
715.01,49.902,30.244,60.0,0.0
716.01,49.902,30.244,60.0,0.0
717.01,49.902,30.212,60.0,0.0
718.01,49.902,30.244,60.0,0.0
719.0,49.902,30.244,60.0,0.0
720.0,49.902,30.438,60.0,60.0
721.01,49.902,30.502,60.0,60.0
722.0,49.902,30.244,60.0,60.0
723.01,49.902,30.438,60.0,60.0
724.01,49.902,30.47,60.0,60.0
725.0,49.902,30.373,60.0,60.0
726.01,49.902,30.502,60.0,60.0
727.02,49.902,30.438,60.0,60.0
728.01,49.902,30.309,60.0,60.0
729.01,49.902,30.438,60.0,60.0
730.0,49.902,30.438,60.0,60.0
731.01,49.902,30.341,60.0,60.0
732.0,49.902,30.663,60.0,60.0
733.0,49.902,30.792,60.0,60.0
734.0,49.902,30.728,60.0,60.0
735.01,49.902,30.824,60.0,60.0
736.01,49.902,30.76,60.0,60.0
737.0,49.902,30.76,60.0,60.0
738.01,49.902,30.663,60.0,60.0
739.01,49.902,30.985,60.0,60.0
740.0,49.902,31.146,60.0,60.0
741.01,49.902,31.082,60.0,60.0
742.01,49.902,31.082,60.0,60.0
743.01,49.935,31.211,60.0,60.0
744.01,49.967,31.275,60.0,60.0
745.01,50.063,31.404,60.0,60.0
746.02,49.999,31.469,60.0,60.0
747.0,49.935,31.437,60.0,60.0
748.01,49.935,31.727,60.0,60.0
749.01,49.935,31.565,60.0,60.0
750.0,50.031,31.727,60.0,60.0
751.01,50.16,31.727,60.0,60.0
753.0,50.16,32.081,60.0,60.0
754.01,50.225,31.855,60.0,60.0
755.0,50.192,31.888,60.0,60.0
756.01,50.16,32.307,60.0,60.0
757.01,50.225,32.242,60.0,60.0
758.0,50.192,32.307,60.0,60.0
759.01,50.225,32.564,60.0,60.0
760.01,50.225,32.468,60.0,60.0
761.01,50.225,32.5,60.0,60.0
762.01,50.289,32.758,60.0,60.0
763.0,50.257,32.693,60.0,60.0
764.01,50.321,32.822,60.0,60.0
765.01,50.386,32.951,60.0,60.0
766.01,50.45,33.016,60.0,60.0
767.0,50.482,33.016,60.0,60.0
768.01,50.45,33.241,60.0,60.0
769.0,50.45,33.402,60.0,60.0
770.01,50.386,33.338,60.0,60.0
771.01,50.354,33.273,60.0,60.0
772.0,50.321,33.499,60.0,60.0
773.01,50.45,33.467,60.0,60.0
774.01,50.418,33.467,60.0,60.0
775.01,50.418,33.692,60.0,60.0
776.0,50.418,33.95,60.0,60.0
777.01,50.515,33.982,60.0,60.0
778.0,50.482,34.015,60.0,60.0
779.01,50.547,34.079,60.0,60.0
780.01,50.515,34.337,60.0,60.0
781.0,50.547,34.24,60.0,60.0
782.0,50.547,34.24,60.0,60.0
783.01,50.547,34.369,60.0,60.0
784.0,50.547,34.659,60.0,60.0
785.0,50.547,34.627,60.0,60.0
786.01,50.547,34.691,60.0,60.0
787.01,50.547,34.659,60.0,60.0
788.01,50.547,34.82,60.0,60.0
789.0,50.547,34.853,60.0,60.0
790.0,50.547,34.885,60.0,60.0
791.01,50.579,35.014,60.0,60.0
792.01,50.676,35.11,60.0,60.0
793.01,50.708,35.271,60.0,60.0
794.01,50.74,35.271,60.0,60.0
795.01,50.772,35.207,60.0,60.0
796.02,50.74,35.497,60.0,60.0
797.01,50.869,35.497,60.0,60.0
798.0,50.869,35.594,60.0,60.0
799.01,50.869,35.594,60.0,60.0
800.01,50.805,35.658,60.0,60.0
801.01,50.869,35.755,60.0,60.0
802.01,50.869,35.723,60.0,60.0
803.01,50.869,35.723,60.0,60.0
804.0,50.869,35.787,60.0,60.0
805.01,50.869,36.142,60.0,60.0
806.01,50.934,36.303,60.0,60.0
807.0,50.869,36.045,60.0,60.0
808.01,50.901,36.238,60.0,60.0
809.01,50.901,36.335,60.0,60.0
810.0,50.966,36.303,60.0,60.0
811.01,51.03,36.335,60.0,60.0
812.02,51.127,36.561,60.0,60.0
813.01,51.095,36.561,60.0,60.0
814.01,51.127,36.593,60.0,60.0
815.0,51.063,36.657,60.0,60.0
816.0,51.03,36.818,60.0,60.0
817.01,51.063,36.754,60.0,60.0
818.0,51.191,36.754,60.0,60.0
819.01,51.191,36.883,60.0,60.0
820.01,51.191,37.044,60.0,60.0
821.01,51.191,36.947,60.0,60.0
822.0,51.191,36.947,60.0,60.0
823.01,51.191,37.205,60.0,60.0
824.0,51.224,37.27,60.0,60.0
825.0,51.191,37.27,60.0,60.0
826.0,51.224,37.173,60.0,60.0
827.0,51.288,37.592,60.0,60.0
828.0,51.256,37.527,60.0,60.0
829.01,51.191,37.463,60.0,60.0
830.01,51.288,37.592,60.0,60.0
831.01,51.385,37.753,60.0,60.0
832.01,51.417,37.721,60.0,60.0
833.0,51.449,37.721,60.0,60.0
834.0,51.481,37.85,60.0,60.0
835.01,51.449,37.85,60.0,60.0
836.0,51.514,37.914,60.0,60.0
837.01,51.481,37.979,60.0,60.0
838.01,51.514,38.204,60.0,60.0
839.01,51.514,38.172,60.0,60.0
840.01,51.514,37.979,60.0,60.0
841.01,51.514,38.236,60.0,60.0
842.01,51.514,38.236,60.0,60.0
843.01,51.514,38.43,60.0,60.0
844.0,51.514,38.494,60.0,60.0
845.01,51.514,38.365,60.0,60.0
846.02,51.514,38.43,60.0,60.0
847.01,51.514,38.43,60.0,60.0
848.01,51.514,38.43,60.0,60.0
849.0,51.514,38.559,60.0,60.0
850.01,51.514,38.494,60.0,60.0
851.02,51.514,38.881,60.0,60.0
852.02,51.546,38.881,60.0,60.0
853.01,51.61,38.881,60.0,60.0
854.01,51.707,38.816,60.0,60.0
855.0,51.739,38.623,60.0,60.0
856.01,51.771,39.074,60.0,60.0
857.0,51.836,39.01,60.0,60.0
858.01,51.836,39.139,60.0,60.0
859.0,51.836,39.01,60.0,60.0
860.01,51.836,39.203,60.0,60.0
861.01,51.836,39.074,60.0,60.0
862.01,51.836,39.139,60.0,60.0
863.01,51.836,39.235,60.0,60.0
864.0,51.836,39.332,60.0,60.0
865.01,51.9,39.461,60.0,60.0
866.01,51.933,39.268,60.0,60.0
867.0,51.933,39.332,60.0,60.0
868.0,51.933,39.461,60.0,60.0
869.01,52.029,39.396,60.0,60.0
870.02,52.029,39.719,60.0,60.0
871.01,52.062,39.783,60.0,60.0
872.0,52.062,39.848,60.0,60.0
873.01,52.062,39.783,60.0,60.0
874.0,52.126,39.848,60.0,60.0
875.01,52.126,39.848,60.0,60.0
876.01,52.062,39.944,60.0,60.0
877.01,52.126,39.88,60.0,60.0
878.01,52.158,40.009,60.0,60.0
879.01,52.158,40.041,60.0,60.0
880.0,52.158,40.17,60.0,60.0
881.01,52.158,40.041,60.0,60.0
882.02,52.19,40.17,60.0,60.0
883.0,52.158,40.105,60.0,60.0
884.01,52.158,39.944,60.0,60.0
885.01,52.158,40.009,60.0,60.0
886.01,52.19,40.396,60.0,60.0
887.01,52.158,40.396,60.0,60.0
888.01,52.19,40.299,60.0,60.0
889.01,52.158,40.299,60.0,60.0
890.02,52.223,40.299,60.0,60.0
891.01,52.352,40.299,60.0,60.0
892.01,52.384,40.428,60.0,60.0
893.01,52.448,40.492,60.0,60.0
894.01,52.384,40.653,60.0,60.0
895.01,52.416,40.75,60.0,60.0
896.01,52.48,40.524,60.0,60.0
897.0,52.48,40.75,60.0,60.0
898.01,52.48,40.814,60.0,60.0
899.0,52.48,40.814,60.0,60.0
900.01,52.48,40.653,60.0,60.0
901.01,52.48,40.75,60.0,60.0
902.0,52.48,40.847,60.0,60.0
903.01,52.48,40.621,60.0,60.0
904.01,52.48,41.008,60.0,60.0
905.01,52.513,41.008,60.0,60.0
906.01,52.577,41.008,60.0,60.0
907.01,52.48,41.008,60.0,60.0
908.01,52.706,40.943,60.0,60.0
909.01,52.545,41.137,60.0,60.0
910.01,52.609,41.008,60.0,60.0
911.01,52.738,41.008,60.0,60.0
912.01,52.738,41.04,60.0,60.0
913.0,52.803,41.137,60.0,60.0
914.01,52.803,41.201,60.0,60.0
915.01,52.771,41.33,60.0,60.0
916.01,52.803,41.395,60.0,60.0
917.01,52.803,41.459,60.0,60.0
918.01,52.835,41.459,60.0,60.0
919.01,52.803,41.459,60.0,60.0
920.01,52.803,41.395,60.0,60.0
921.01,52.803,41.395,60.0,60.0
922.0,52.803,41.427,60.0,60.0
923.01,52.803,41.523,60.0,60.0
924.01,52.932,41.62,60.0,60.0
925.01,52.932,41.62,60.0,60.0
926.01,53.093,41.491,60.0,60.0
927.0,53.028,41.523,60.0,60.0
928.01,52.996,41.717,60.0,60.0
929.0,53.093,41.781,60.0,60.0
930.01,53.125,41.523,60.0,60.0
931.0,53.125,41.523,60.0,60.0
932.01,53.125,41.813,60.0,60.0
933.0,53.125,41.717,60.0,60.0
934.01,53.125,41.813,60.0,60.0
935.0,53.157,41.781,60.0,60.0
936.01,53.222,42.007,60.0,60.0
937.0,53.286,42.104,60.0,60.0
938.0,53.318,41.975,60.0,60.0
939.01,53.222,41.975,60.0,60.0
940.01,53.286,42.039,60.0,60.0
941.01,53.286,42.104,60.0,60.0
942.0,53.254,41.846,60.0,60.0
943.0,53.254,42.104,60.0,60.0
944.01,53.383,42.2,60.0,60.0
945.0,53.383,42.297,60.0,60.0
946.0,53.318,42.104,60.0,60.0
947.01,53.447,42.361,60.0,60.0
948.0,53.447,42.426,60.0,60.0
949.01,53.447,42.168,60.0,60.0
950.0,53.447,42.168,60.0,60.0
951.01,53.447,42.426,60.0,60.0
952.01,53.447,42.297,60.0,60.0
953.01,53.447,42.329,60.0,60.0
954.02,53.447,42.426,60.0,60.0
955.01,53.447,42.555,60.0,60.0
956.02,53.447,42.329,60.0,60.0
957.01,53.479,42.651,60.0,60.0
958.0,53.608,42.684,60.0,60.0
959.02,53.576,42.49,60.0,60.0
960.0,53.705,42.748,60.0,60.0
961.01,53.705,42.684,60.0,60.0
962.0,53.673,42.684,60.0,60.0
963.01,53.705,42.684,60.0,60.0
964.01,53.447,42.522,60.0,60.0
965.01,53.737,42.813,60.0,60.0
966.01,53.705,42.813,60.0,60.0
967.0,53.576,42.587,60.0,60.0
968.01,53.77,42.845,60.0,60.0
969.01,53.737,42.909,60.0,60.0
970.0,53.77,43.07,60.0,60.0
971.01,53.77,42.877,60.0,60.0
972.01,53.77,42.974,60.0,60.0
973.01,53.802,43.07,60.0,60.0
974.0,53.77,43.006,60.0,60.0
975.01,53.77,42.813,60.0,60.0
976.0,53.802,42.813,60.0,60.0
977.0,53.77,43.038,60.0,60.0
978.01,53.77,42.974,60.0,60.0
979.01,53.77,42.941,60.0,60.0
980.01,53.77,43.328,60.0,60.0
981.0,53.866,43.393,60.0,60.0
982.01,53.834,43.07,60.0,60.0
983.01,53.931,43.264,60.0,60.0
984.02,53.802,43.393,60.0,60.0
985.01,53.898,43.328,60.0,60.0
986.01,54.027,43.393,60.0,60.0
987.01,54.092,43.328,60.0,60.0
988.0,53.898,43.328,60.0,60.0
989.01,54.092,43.393,60.0,60.0
990.0,54.092,43.393,60.0,60.0
991.02,54.092,43.425,60.0,60.0
992.01,54.092,43.328,60.0,60.0
993.02,54.092,43.296,60.0,60.0
994.01,54.156,43.554,60.0,60.0
995.01,54.156,43.554,60.0,60.0
996.01,54.285,43.393,60.0,60.0
997.0,54.124,43.457,60.0,60.0
998.02,54.35,43.65,60.0,60.0
999.0,54.221,43.65,60.0,60.0
1000.01,54.414,43.65,60.0,60.0
1001.01,54.382,43.521,60.0,60.0
1002.01,54.317,43.65,60.0,60.0
1003.01,54.124,43.521,60.0,60.0
1004.01,54.382,43.715,60.0,60.0
1005.01,54.285,43.779,60.0,60.0
1006.01,54.414,43.94,60.0,60.0
1007.01,54.382,43.554,60.0,60.0
1008.01,54.317,43.844,60.0,60.0
1009.01,54.414,44.037,60.0,60.0
1010.0,54.414,44.037,60.0,60.0
1011.01,54.414,43.844,60.0,60.0
1012.01,54.414,44.037,60.0,60.0
1013.01,54.414,44.037,60.0,60.0
1014.01,54.414,43.908,60.0,60.0
1015.01,54.414,43.973,60.0,60.0
1016.01,54.414,43.973,60.0,60.0
1017.01,54.446,43.973,60.0,60.0
1018.01,54.479,43.812,60.0,60.0
1019.01,54.479,44.166,60.0,60.0
1020.02,54.511,44.166,60.0,60.0
1021.0,54.64,44.198,60.0,60.0
1022.01,54.64,44.037,60.0,60.0
1023.01,54.511,44.295,60.0,60.0
1024.01,54.704,44.295,60.0,60.0
1025.01,54.672,44.295,60.0,60.0
1026.01,54.64,44.166,60.0,60.0
1027.02,54.736,44.295,60.0,60.0
1028.02,54.704,44.23,60.0,60.0
1029.01,54.704,44.23,60.0,60.0
1030.01,54.64,44.23,60.0,60.0
1031.01,54.736,44.327,60.0,60.0
1032.0,54.736,44.392,60.0,60.0
1033.0,54.736,44.617,60.0,60.0
1034.0,54.543,44.327,60.0,60.0
1035.0,54.704,44.553,60.0,60.0
1036.01,54.704,44.359,60.0,60.0
1037.02,54.672,44.585,60.0,60.0
1038.02,54.736,44.617,60.0,60.0
1039.0,54.704,44.682,60.0,60.0
1040.01,54.736,44.424,60.0,60.0
1041.01,54.736,44.488,60.0,60.0
1042.01,54.736,44.617,60.0,60.0
1043.01,54.479,44.553,60.0,60.0
1044.01,54.736,44.553,60.0,60.0
1045.01,54.736,44.553,60.0,60.0
1046.01,54.736,44.682,60.0,60.0
1047.01,54.736,44.617,60.0,60.0
1048.01,54.736,44.553,60.0,60.0
1049.01,54.736,44.553,60.0,60.0
1050.01,54.736,44.682,60.0,60.0
1051.01,54.736,44.714,60.0,60.0
1052.01,54.736,44.488,60.0,60.0
1053.01,54.736,44.746,60.0,60.0
1054.01,54.736,44.714,60.0,60.0
1055.01,54.736,44.456,60.0,60.0
1056.01,54.736,44.585,60.0,60.0
1057.0,54.736,44.649,60.0,60.0
1058.01,54.736,44.875,60.0,60.0
1059.01,54.736,44.553,60.0,60.0
1060.01,54.736,44.746,60.0,60.0
1061.0,54.769,44.746,60.0,60.0
1062.02,54.865,44.939,60.0,60.0
1063.01,54.865,44.746,60.0,60.0
1064.01,54.769,44.714,60.0,60.0
1065.01,54.897,44.811,60.0,60.0
1066.01,54.801,44.939,60.0,60.0
1067.01,54.897,44.875,60.0,60.0
1068.01,54.769,44.811,60.0,60.0
1069.0,54.962,44.875,60.0,60.0
1070.0,54.736,44.939,60.0,60.0
1071.02,54.736,44.939,60.0,60.0
1072.01,54.865,45.004,60.0,60.0
1073.01,54.736,44.939,60.0,60.0
1074.0,55.026,44.939,60.0,60.0
1075.01,54.994,44.746,60.0,60.0
1076.01,54.801,45.004,60.0,60.0
1077.01,54.801,44.875,60.0,60.0
1078.0,55.059,44.875,60.0,60.0
1079.01,55.059,44.811,60.0,60.0
1080.01,55.059,45.004,60.0,60.0
1081.0,55.059,45.004,60.0,60.0
1082.01,55.059,44.811,60.0,60.0
1083.01,55.059,44.939,60.0,60.0
1084.01,55.091,45.068,60.0,60.0
1085.01,55.123,45.101,60.0,60.0
1086.02,55.284,45.133,60.0,60.0
1087.01,55.252,45.101,60.0,60.0
1088.0,55.316,45.165,60.0,60.0
1089.01,55.349,44.939,60.0,60.0
1090.01,55.284,45.068,60.0,60.0
1091.0,55.381,45.229,60.0,60.0
1092.01,55.123,45.036,60.0,60.0
1093.01,55.123,45.068,60.0,60.0
1094.01,55.091,45.262,60.0,60.0
1095.0,55.284,45.262,60.0,60.0
1096.01,55.252,45.068,60.0,60.0
1097.01,55.349,45.262,60.0,60.0
1098.0,55.155,45.262,60.0,60.0
1099.01,55.349,45.326,60.0,60.0
1100.01,55.349,45.068,60.0,60.0
1101.01,55.123,45.262,60.0,60.0
1102.0,55.252,45.326,60.0,60.0
1103.01,55.123,45.262,60.0,60.0
1104.0,55.059,45.326,60.0,60.0
1105.01,55.123,45.068,60.0,60.0
1106.01,55.252,45.262,60.0,60.0
1107.0,55.123,45.326,60.0,60.0
1108.01,55.349,45.262,60.0,60.0
1109.0,55.349,45.358,60.0,60.0
1110.01,55.381,45.391,60.0,60.0
1111.02,55.381,45.133,60.0,60.0
1112.01,55.349,45.068,60.0,60.0
1113.0,55.381,45.358,60.0,60.0
1114.01,55.349,45.229,60.0,60.0
1115.0,55.316,45.197,60.0,60.0
1116.0,55.381,45.326,60.0,60.0
1117.02,55.381,45.101,60.0,60.0
1118.01,55.381,45.101,60.0,60.0
1119.0,55.284,45.197,60.0,60.0
1120.01,55.381,45.423,0.0,60.0
1121.02,55.316,45.326,0.0,60.0
1122.01,55.349,45.391,0.0,60.0
1123.0,55.381,45.294,0.0,60.0
1124.01,55.316,45.326,0.0,60.0
1125.01,55.381,45.294,0.0,60.0
1126.01,55.381,45.294,0.0,60.0
1127.01,55.284,45.52,0.0,60.0
1128.0,55.091,45.487,0.0,60.0
1129.01,55.155,45.52,0.0,60.0
1130.01,55.059,45.584,0.0,60.0
1131.01,55.059,45.648,0.0,60.0
1132.0,55.026,45.455,0.0,60.0
1133.01,54.962,45.552,0.0,60.0
1134.01,54.994,45.648,0.0,60.0
1135.01,54.736,45.584,0.0,60.0
1136.01,54.769,45.648,0.0,60.0
1137.01,54.736,45.648,0.0,60.0
1138.01,54.446,45.423,0.0,60.0
1139.01,54.414,45.552,0.0,60.0
1140.01,54.188,45.229,0.0,60.0
1141.0,54.092,45.262,0.0,60.0
1142.01,54.092,45.262,0.0,60.0
1143.01,53.834,45.326,0.0,60.0
1144.01,53.705,45.326,0.0,60.0
1145.01,53.77,45.358,0.0,60.0
1146.01,53.512,45.326,0.0,60.0
1147.02,53.447,45.229,0.0,60.0
1148.0,53.351,45.391,0.0,60.0
1149.0,53.125,45.229,0.0,60.0
1150.01,53.125,45.423,0.0,60.0
1151.01,52.803,45.294,0.0,60.0
1152.01,52.674,45.52,0.0,60.0
1153.01,52.48,45.262,0.0,60.0
1154.01,52.48,45.165,0.0,60.0
1155.01,52.19,45.358,0.0,60.0
1156.01,52.158,45.455,0.0,60.0
1157.0,51.965,45.455,0.0,60.0
1158.0,51.836,45.294,0.0,60.0
1159.0,51.514,45.358,0.0,60.0
1160.01,51.514,45.358,0.0,60.0
1161.01,51.481,45.455,0.0,60.0
1162.0,51.191,45.616,0.0,60.0
1163.01,51.191,45.52,0.0,60.0
1164.0,50.901,45.648,0.0,60.0
1165.01,50.805,45.52,0.0,60.0
1166.01,50.547,45.648,0.0,60.0
1167.01,50.289,45.648,0.0,60.0
1168.01,50.225,45.648,0.0,60.0
1169.01,50.225,45.584,0.0,60.0
1170.01,49.935,45.584,0.0,60.0
1171.01,49.902,45.52,0.0,60.0
1172.01,49.58,45.423,0.0,60.0
1173.01,49.354,45.068,0.0,60.0
1174.0,49.322,45.391,0.0,60.0
1175.01,49.097,45.358,0.0,60.0
1176.01,49.193,45.294,0.0,60.0
1177.01,48.903,45.068,0.0,60.0
1178.01,48.71,45.262,0.0,60.0
1179.0,48.581,45.262,0.0,60.0
1180.01,48.42,45.262,0.0,60.0
1181.01,48.291,45.326,0.0,60.0
1182.0,48.065,45.326,0.0,60.0
1183.01,47.969,45.262,0.0,60.0
1184.0,48.001,45.326,0.0,60.0
1185.0,47.711,45.068,0.0,60.0
1186.01,47.646,45.068,0.0,60.0
1187.01,47.679,45.262,0.0,60.0
1188.0,47.646,45.262,0.0,60.0
1189.01,47.421,45.326,0.0,60.0
1190.01,47.324,45.068,0.0,60.0
1191.0,47.26,45.197,0.0,60.0
1192.01,47.066,45.197,0.0,60.0
1193.01,47.002,45.262,0.0,60.0
1194.01,46.776,45.262,0.0,60.0
1195.0,46.68,45.326,0.0,60.0
1196.01,46.68,45.294,0.0,60.0
1197.0,46.357,45.197,0.0,60.0
1198.0,46.261,45.004,0.0,60.0
1199.0,46.229,45.101,0.0,60.0
1200.0,46.1,45.068,0.0,60.0
1201.01,46.035,45.165,0.0,60.0
1202.01,46.003,45.036,0.0,60.0
1203.01,45.874,44.778,0.0,60.0
1204.01,45.713,45.036,0.0,60.0
1205.0,45.584,45.004,0.0,60.0
1206.01,45.391,44.939,0.0,60.0
1207.0,45.262,44.746,0.0,60.0
1208.01,45.068,44.746,0.0,60.0
1209.01,45.036,44.875,0.0,60.0
1210.01,44.907,44.939,0.0,60.0
1211.01,44.778,45.004,0.0,60.0
1212.01,44.714,44.811,0.0,60.0
1213.01,44.456,44.811,0.0,60.0
1214.0,44.424,44.939,0.0,60.0
1215.0,44.359,44.746,0.0,60.0
1216.01,44.198,44.811,0.0,60.0
1217.01,44.134,44.811,0.0,60.0
1218.01,44.102,44.746,0.0,60.0
1219.01,43.812,44.875,0.0,60.0
1220.01,43.779,44.843,0.0,60.0
1221.02,43.618,44.424,0.0,60.0
1222.0,43.586,44.714,0.0,60.0
1223.01,43.457,44.617,0.0,60.0
1224.0,43.457,44.424,0.0,60.0
1225.02,43.135,44.488,0.0,60.0
1226.01,43.135,44.488,0.0,60.0
1227.01,43.135,44.682,0.0,60.0
1228.01,43.135,44.617,0.0,60.0
1229.02,42.845,44.682,0.0,60.0
1230.0,42.845,44.488,0.0,60.0
1231.01,42.748,44.585,0.0,60.0
1232.01,42.587,44.617,0.0,60.0
1233.02,42.555,44.392,0.0,60.0
1234.01,42.458,44.23,0.0,60.0
1235.01,42.329,44.102,0.0,60.0
1236.0,42.168,44.359,0.0,60.0
1237.0,42.168,44.23,0.0,60.0
1238.01,41.91,44.23,0.0,60.0
1239.01,41.878,44.359,0.0,60.0
1240.0,41.846,44.295,0.0,60.0
1241.01,41.846,44.295,0.0,60.0
1242.01,41.556,44.23,0.0,60.0
1243.01,41.491,44.102,0.0,60.0
1244.0,41.523,44.359,0.0,60.0
1245.0,41.233,44.359,0.0,60.0
1246.01,41.201,44.198,0.0,60.0
1247.01,41.201,43.844,0.0,60.0
1248.01,41.137,44.069,0.0,60.0
1249.0,40.911,44.005,0.0,60.0
1250.0,40.879,43.908,0.0,60.0
1251.01,40.686,43.973,0.0,60.0
1252.01,40.589,43.779,0.0,60.0
1253.01,40.589,44.037,0.0,60.0
1254.01,40.557,44.037,0.0,60.0
1255.01,40.557,43.973,0.0,60.0
1256.01,40.331,43.844,0.0,60.0
1257.01,40.234,43.876,0.0,60.0
1258.01,40.234,43.844,0.0,60.0
1259.01,40.041,43.747,0.0,60.0
1260.0,39.912,43.747,0.0,60.0
1261.01,39.944,43.586,0.0,60.0
1262.0,39.912,43.715,0.0,60.0
1263.01,39.88,43.65,0.0,60.0
1264.01,39.751,43.65,0.0,60.0
1265.01,39.59,43.586,0.0,60.0
1266.01,39.59,43.521,0.0,60.0
1267.01,39.525,43.683,0.0,60.0
1268.02,39.3,43.586,0.0,60.0
1269.01,39.268,43.393,0.0,60.0
1270.0,39.268,43.489,0.0,60.0
1271.01,39.139,43.393,0.0,60.0
1272.01,39.235,43.328,0.0,60.0
1273.01,38.978,43.199,0.0,60.0
1274.01,38.945,43.199,0.0,60.0
1275.01,38.945,43.328,0.0,60.0
1276.01,38.816,43.393,0.0,60.0
1277.01,38.623,43.199,0.0,60.0
1278.01,38.623,43.231,0.0,60.0
1279.01,38.623,43.296,0.0,60.0
1280.01,38.623,43.296,0.0,60.0
1281.01,38.333,42.974,0.0,60.0
1282.01,38.301,42.909,0.0,60.0
1283.0,38.301,43.038,0.0,60.0
1284.01,38.301,43.006,0.0,60.0
1285.01,38.301,43.07,0.0,60.0
1286.0,38.204,42.941,0.0,60.0
1287.01,37.979,42.941,0.0,60.0
1288.01,38.011,43.006,0.0,60.0
1289.01,37.979,43.07,0.0,60.0
1290.01,37.85,42.813,0.0,60.0
1291.01,37.85,42.941,0.0,60.0
1292.0,37.979,42.941,0.0,60.0
1293.01,37.785,42.941,0.0,60.0
1294.0,37.656,42.587,0.0,60.0
1295.01,37.656,42.522,0.0,60.0
1296.0,37.495,42.748,0.0,60.0
1297.01,37.592,42.748,0.0,60.0
1298.01,37.366,42.748,0.0,60.0
1299.0,37.366,42.748,0.0,60.0
1300.0,37.334,42.684,0.0,60.0
1301.02,37.141,42.684,0.0,60.0
1302.01,37.173,42.684,0.0,60.0
1303.01,37.108,42.49,0.0,60.0
1304.0,37.012,42.684,0.0,60.0
1305.01,37.012,42.748,0.0,60.0
1306.0,36.979,42.684,0.0,60.0
1307.01,36.786,42.458,0.0,60.0
1308.0,36.689,42.619,0.0,60.0
1309.01,36.689,42.651,0.0,60.0
1310.01,36.528,42.587,0.0,60.0
1311.01,36.561,42.522,0.0,60.0
1312.01,36.432,42.361,0.0,60.0
1313.01,36.367,42.49,0.0,60.0
1314.01,36.367,42.522,0.0,60.0
1315.02,36.335,42.361,0.0,60.0
1316.01,36.303,42.168,0.0,60.0
1317.01,36.142,42.426,0.0,60.0
1318.01,36.045,42.426,0.0,60.0
1319.01,36.045,42.232,0.0,60.0
1320.0,36.045,42.297,0.0,60.0
1321.01,35.98,42.232,0.0,60.0
1322.01,35.819,42.426,0.0,60.0
1323.01,35.819,42.426,0.0,60.0
1324.01,35.755,42.361,0.0,60.0
1325.0,35.723,42.426,0.0,60.0
1326.01,35.723,42.361,0.0,60.0
1327.01,35.69,42.265,0.0,60.0
1328.01,35.594,41.91,0.0,60.0
1329.01,35.433,42.2,0.0,60.0
1330.0,35.4,42.168,0.0,60.0
1331.0,35.4,42.071,0.0,60.0
1332.0,35.4,42.039,0.0,60.0
1333.01,35.4,42.039,0.0,60.0
1334.01,35.4,42.104,0.0,60.0
1335.0,35.336,41.975,0.0,60.0
1336.0,35.078,41.846,0.0,60.0
1337.0,35.143,42.104,0.0,60.0
1338.0,35.11,42.104,0.0,60.0
1339.01,35.078,42.039,0.0,60.0
1340.01,35.078,41.975,0.0,60.0
1341.01,35.078,41.813,0.0,60.0
1342.01,35.014,42.007,0.0,60.0
1343.0,35.014,41.813,0.0,60.0
1344.0,35.078,41.781,0.0,60.0
1345.01,34.756,41.652,0.0,60.0
1346.0,34.756,41.781,0.0,60.0
1347.0,34.691,41.846,0.0,60.0
1348.01,34.756,41.685,0.0,60.0
1349.0,34.756,41.588,0.0,60.0
1350.02,34.756,41.523,0.0,60.0
1351.01,34.563,41.781,0.0,60.0
1352.01,34.466,41.717,0.0,60.0
1353.01,34.434,41.62,0.0,60.0
1354.01,34.434,41.588,0.0,60.0
1355.0,34.434,41.717,0.0,60.0
1356.01,34.434,41.781,0.0,60.0
1357.01,34.369,41.556,0.0,60.0
1358.0,34.434,41.717,0.0,60.0
1359.01,34.305,41.717,0.0,60.0
1360.01,34.111,41.717,0.0,60.0
1361.01,34.144,41.588,0.0,60.0
1362.01,34.111,41.523,0.0,60.0
1363.02,34.111,41.588,0.0,60.0
1364.0,34.111,41.685,0.0,60.0
1365.01,34.111,41.459,0.0,60.0
1366.01,34.111,41.459,0.0,60.0
1367.01,34.111,41.652,0.0,60.0
1368.01,33.982,41.427,0.0,60.0
1369.0,33.886,41.201,0.0,60.0
1370.01,33.821,41.201,0.0,60.0
1371.0,33.789,41.459,0.0,60.0
1372.01,33.821,41.395,0.0,60.0
1373.0,33.789,41.201,0.0,60.0
1374.01,33.789,41.201,0.0,60.0
1375.0,33.563,41.459,0.0,60.0
1376.0,33.596,41.395,0.0,60.0
1377.01,33.467,41.33,0.0,60.0
1378.01,33.467,41.266,0.0,60.0
1379.01,33.467,41.459,0.0,60.0
1380.01,33.338,41.362,0.0,60.0
1381.0,33.467,41.33,0.0,60.0
1382.01,33.467,41.169,0.0,60.0
1383.01,33.467,41.137,0.0,60.0
1384.01,33.435,41.298,0.0,60.0
1385.01,33.306,41.201,0.0,60.0
1386.02,33.145,40.879,0.0,60.0
1387.02,33.177,40.943,0.0,60.0
1388.01,33.145,41.169,0.0,60.0
1389.01,33.145,41.137,0.0,60.0
1390.02,33.145,41.072,0.0,60.0
1391.01,33.145,41.008,0.0,60.0
1392.01,33.145,41.008,0.0,60.0
1393.01,33.145,41.072,0.0,60.0
1394.01,32.854,41.137,0.0,60.0
1395.01,33.112,40.879,0.0,60.0
1396.01,32.951,41.008,0.0,60.0
1397.01,32.822,41.04,0.0,60.0
1398.01,32.822,40.943,0.0,60.0
1399.01,32.758,40.718,0.0,60.0
1400.0,32.79,40.75,0.0,60.0
1401.01,32.79,40.75,0.0,60.0
1402.0,32.726,40.557,0.0,60.0
1403.01,32.726,40.557,0.0,60.0
1404.01,32.79,40.814,0.0,60.0
1405.01,32.79,40.814,0.0,60.0
1406.0,32.822,40.686,0.0,60.0
1407.01,32.758,40.75,0.0,60.0
1408.01,32.629,40.75,0.0,60.0
1409.01,32.5,40.782,0.0,60.0
1410.01,32.5,40.621,0.0,60.0
1411.01,32.5,40.621,0.0,60.0
1412.0,32.5,40.718,0.0,60.0
1413.0,32.5,40.621,0.0,60.0
1414.01,32.5,40.718,0.0,60.0
1415.01,32.5,40.396,0.0,60.0
1416.01,32.5,40.331,0.0,60.0
1417.01,32.436,40.492,0.0,60.0
1418.01,32.468,40.524,0.0,60.0
1419.0,32.242,40.234,0.0,60.0
1420.01,32.21,40.428,0.0,60.0
1421.01,32.178,40.234,0.0,60.0
1422.0,32.146,40.492,0.0,60.0
1423.01,32.21,40.428,0.0,60.0
1424.01,32.178,40.299,0.0,60.0
1425.0,32.21,40.234,0.0,60.0
1426.01,32.049,40.363,0.0,60.0
1427.01,32.081,40.492,0.0,60.0
1428.01,32.146,40.363,0.0,60.0
1429.0,32.049,40.428,0.0,60.0
1430.0,31.952,40.363,0.0,60.0
1431.01,31.984,40.428,0.0,60.0
1432.0,31.855,40.267,0.0,60.0
1433.01,31.952,40.46,0.0,60.0
1434.0,31.888,40.138,0.0,60.0
1435.0,31.855,40.267,0.0,60.0
1436.0,31.823,40.202,0.0,60.0
1437.01,31.855,40.138,0.0,60.0
1438.01,31.855,40.202,0.0,60.0
1439.0,31.855,40.138,0.0,60.0
1440.01,31.855,40.105,0.0,60.0
1441.0,31.823,40.041,0.0,60.0
1442.01,31.855,40.105,0.0,60.0
1443.01,31.791,39.977,0.0,60.0
1444.01,31.855,40.17,0.0,60.0
1445.01,31.533,39.977,0.0,60.0
1446.0,31.533,40.105,0.0,60.0
1447.01,31.565,39.977,0.0,60.0
1448.0,31.662,40.105,0.0,60.0
1449.0,31.533,40.073,0.0,60.0
1450.01,31.63,39.912,0.0,60.0
1451.01,31.533,40.105,0.0,60.0
1452.01,31.501,39.88,0.0,60.0
1453.0,31.533,40.041,0.0,60.0
1454.01,31.533,39.751,0.0,60.0
1455.0,31.243,39.977,0.0,60.0
1456.02,31.404,39.912,0.0,60.0
1458.01,31.501,39.88,0.0,60.0
1459.01,31.146,39.719,0.0,60.0
1460.01,31.211,39.783,0.0,60.0
1461.0,31.404,39.622,0.0,60.0
1462.01,31.211,39.783,0.0,60.0
1463.0,31.211,39.59,0.0,60.0
1464.01,31.243,39.719,0.0,60.0
1465.01,31.179,39.783,0.0,60.0
1466.01,31.243,39.719,0.0,60.0
1467.01,31.179,39.848,0.0,60.0
1469.01,31.114,39.783,0.0,60.0
1470.01,31.211,39.783,0.0,60.0
1471.0,31.211,39.815,0.0,60.0
1472.01,31.211,39.848,0.0,60.0
1474.0,31.05,39.848,0.0,60.0
1475.0,31.082,39.687,0.0,60.0
1476.01,30.985,39.848,0.0,60.0
1477.0,30.889,39.751,0.0,60.0
1478.01,31.018,39.493,0.0,60.0
1479.0,31.018,39.783,0.0,60.0
1480.01,30.889,39.493,0.0,60.0
1481.0,30.889,39.622,0.0,60.0
1482.01,30.953,39.461,0.0,60.0
1483.01,30.889,39.558,0.0,60.0
1484.0,30.889,39.525,0.0,60.0
1485.01,30.889,39.268,0.0,60.0
1486.0,30.889,39.396,0.0,60.0
1487.01,30.889,39.558,0.0,60.0
1488.0,30.792,39.396,0.0,60.0
1489.0,30.728,39.461,0.0,60.0
1490.01,30.889,39.461,0.0,60.0
1491.01,30.792,39.268,0.0,60.0
1492.01,30.889,39.461,0.0,60.0
1493.01,30.856,39.268,0.0,60.0
1494.02,30.856,39.396,0.0,60.0
1495.01,30.889,39.268,0.0,60.0
1496.02,30.695,39.332,0.0,60.0
1497.01,30.695,39.268,0.0,60.0
1498.01,30.663,39.461,0.0,60.0
1499.01,30.566,39.525,0.0,60.0
1500.0,30.631,39.525,0.0,60.0
1501.01,30.566,39.525,0.0,60.0
1502.01,30.566,39.332,0.0,60.0
1503.01,30.566,39.461,0.0,60.0
1504.01,30.566,39.332,0.0,60.0
1505.01,30.599,39.525,0.0,60.0
1506.01,30.566,39.3,0.0,60.0
1507.0,30.566,39.493,0.0,60.0
1508.01,30.566,39.396,0.0,60.0
1509.01,30.566,39.525,0.0,60.0
1510.01,30.566,39.396,0.0,60.0
1511.0,30.438,39.396,0.0,60.0
1512.01,30.534,39.364,0.0,60.0
1513.01,30.47,39.525,0.0,60.0
1514.0,30.47,39.396,0.0,60.0
1515.01,30.373,39.235,0.0,60.0
1516.0,30.276,39.332,0.0,60.0
1517.0,30.309,39.396,0.0,60.0
1518.01,30.405,39.332,0.0,60.0
1519.01,30.276,39.3,0.0,60.0
1520.01,30.244,39.01,0.0,0.0
1521.01,30.244,38.945,0.0,0.0
1522.01,30.244,38.945,0.0,0.0
1523.01,30.244,38.945,0.0,0.0
1524.0,30.051,38.945,0.0,0.0
1525.01,30.051,38.945,0.0,0.0
1526.0,30.244,38.945,0.0,0.0
1527.01,30.019,38.945,0.0,0.0
1528.01,30.147,38.945,0.0,0.0
1529.0,29.986,38.945,0.0,0.0
1530.0,30.147,38.881,0.0,0.0
1531.01,30.212,38.752,0.0,0.0
1532.0,30.212,38.623,0.0,0.0
1533.01,30.147,38.623,0.0,0.0
1534.01,30.147,38.623,0.0,0.0
1535.01,30.051,38.623,0.0,0.0
1536.01,30.019,38.623,0.0,0.0
1537.0,29.986,38.494,0.0,0.0
1538.01,29.922,38.301,0.0,0.0
1539.01,29.922,38.301,0.0,0.0
1540.01,29.922,38.301,0.0,0.0
1541.01,29.986,38.236,0.0,0.0
1542.0,29.954,38.075,0.0,0.0
1543.01,29.922,37.979,0.0,0.0
1544.0,29.922,37.979,0.0,0.0
1545.01,29.922,37.979,0.0,0.0
1546.01,29.922,37.721,0.0,0.0
1547.01,29.922,37.656,0.0,0.0
1548.01,29.922,37.656,0.0,0.0
1549.0,29.922,37.656,0.0,0.0
1550.01,29.89,37.398,0.0,0.0
1551.01,29.857,37.334,0.0,0.0
1552.0,29.922,37.334,0.0,0.0
1553.01,29.696,37.334,0.0,0.0
1554.01,29.825,37.076,0.0,0.0
1555.01,29.729,37.012,0.0,0.0
1556.0,29.793,37.012,0.0,0.0
1557.01,29.632,36.947,0.0,0.0
1558.0,29.664,36.754,0.0,0.0
1559.01,29.729,36.689,0.0,0.0
1560.0,29.664,36.689,0.0,0.0
1561.01,29.6,36.496,0.0,0.0
1563.0,29.6,36.367,0.0,0.0
1564.01,29.6,36.335,0.0,0.0
1565.01,29.6,36.142,0.0,0.0
1566.01,29.6,36.045,0.0,0.0
1567.01,29.6,36.045,0.0,0.0
1568.0,29.535,35.98,0.0,0.0
1569.01,29.6,35.723,0.0,0.0
1570.01,29.6,35.723,0.0,0.0
1571.01,29.567,35.723,0.0,0.0
1572.01,29.567,35.497,0.0,0.0
1573.01,29.374,35.433,0.0,0.0
1574.0,29.277,35.4,0.0,0.0
1575.01,29.374,35.336,0.0,0.0
1576.01,29.277,35.11,0.0,0.0
1577.01,29.277,35.078,0.0,0.0
1578.01,29.277,35.078,0.0,0.0
1579.01,29.277,34.756,0.0,0.0
1580.01,29.277,34.756,0.0,0.0
1581.0,29.277,34.724,0.0,0.0
1582.01,29.277,34.466,0.0,0.0
1583.0,29.245,34.434,0.0,0.0
1584.0,29.181,34.434,0.0,0.0
1585.0,29.148,34.272,0.0,0.0
1586.01,28.987,34.111,0.0,0.0
1587.01,28.955,34.111,0.0,0.0
1588.0,28.955,34.047,0.0,0.0
1589.01,28.955,33.821,0.0,0.0
1590.0,28.955,33.789,0.0,0.0
1591.02,28.955,33.789,0.0,0.0
1592.01,28.955,33.692,0.0,0.0
1593.01,28.955,33.467,0.0,0.0
1594.01,28.955,33.467,0.0,0.0
1595.01,28.891,33.435,0.0,0.0
1596.01,28.794,33.145,0.0,0.0
1597.01,28.697,33.145,0.0,0.0
1598.01,28.697,33.145,0.0,0.0
1599.01,28.633,32.983,0.0,0.0
1600.01,28.665,32.822,0.0,0.0
1601.0,28.633,32.822,0.0,0.0
1602.01,28.633,32.822,0.0,0.0
1603.01,28.633,32.532,0.0,0.0
1604.01,28.633,32.5,0.0,0.0
1605.01,28.601,32.5,0.0,0.0
1606.01,28.633,32.5,0.0,0.0
1607.01,28.439,32.307,0.0,0.0
1608.01,28.439,32.178,0.0,0.0
1609.01,28.407,32.178,0.0,0.0
1610.0,28.311,31.952,0.0,0.0
1611.0,28.311,31.855,0.0,0.0
1612.01,28.311,31.855,0.0,0.0
1613.02,28.311,31.855,0.0,0.0
1614.01,28.311,31.759,0.0,0.0
1615.0,28.311,31.565,0.0,0.0
1616.0,28.311,31.533,0.0,0.0
1617.0,28.311,31.533,0.0,0.0
1618.0,28.214,31.501,0.0,0.0
1619.01,28.311,31.211,0.0,0.0
1620.02,28.214,31.211,0.0,0.0
1621.01,27.988,31.211,0.0,0.0
1622.01,27.988,31.179,0.0,0.0
1623.0,27.988,31.05,0.0,0.0
1624.01,27.988,30.889,0.0,0.0
1625.01,27.988,30.889,0.0,0.0
1626.0,27.988,30.889,0.0,0.0
1627.01,27.988,30.792,0.0,0.0
1628.01,27.988,30.695,0.0,0.0
1629.01,27.988,30.566,0.0,0.0
1630.01,27.859,30.566,0.0,0.0
1631.01,27.988,30.534,0.0,0.0
1632.01,27.666,30.244,0.0,0.0
1633.01,27.666,30.244,0.0,0.0
1634.0,27.698,30.244,0.0,0.0
1635.01,27.666,30.212,0.0,0.0
1636.01,27.698,30.147,0.0,0.0
1637.02,27.666,30.051,0.0,0.0
1638.01,27.634,29.922,0.0,0.0
1639.01,27.666,29.922,0.0,0.0
1640.01,27.666,29.922,0.0,0.0
1641.01,27.666,29.922,0.0,0.0
1642.01,27.634,29.825,0.0,0.0
1643.0,27.537,29.6,0.0,0.0
1644.01,27.505,29.6,0.0,0.0
1645.01,27.505,29.6,0.0,0.0
1646.01,27.473,29.6,0.0,0.0
1647.01,27.408,29.567,0.0,0.0
1648.0,27.344,29.503,0.0,0.0
1649.0,27.344,29.31,0.0,0.0
1650.0,27.344,29.277,0.0,0.0
1651.01,27.344,29.277,0.0,0.0
1652.01,27.344,29.277,0.0,0.0
1653.0,27.344,29.245,0.0,0.0
1654.01,27.344,29.084,0.0,0.0
1655.0,27.344,28.987,0.0,0.0
1656.01,27.344,28.955,0.0,0.0
1657.01,27.344,28.955,0.0,0.0
1658.01,27.312,28.955,0.0,0.0
1659.01,27.279,28.955,0.0,0.0
1660.01,27.183,28.923,0.0,0.0
1661.01,27.054,28.633,0.0,0.0
1662.01,27.054,28.633,0.0,0.0
1663.01,27.054,28.633,0.0,0.0
1664.0,27.021,28.633,0.0,0.0
1665.01,27.021,28.601,0.0,0.0
1666.0,27.021,28.536,0.0,0.0
1667.01,27.021,28.439,0.0,0.0
1668.01,27.021,28.311,0.0,0.0
1669.01,27.021,28.311,0.0,0.0
1670.01,27.021,28.311,0.0,0.0
1671.0,27.021,28.311,0.0,0.0
1672.0,26.957,28.311,0.0,0.0
1673.0,26.957,28.246,0.0,0.0
1674.0,26.731,27.988,0.0,0.0
1675.01,26.699,27.988,0.0,0.0
1676.01,26.699,27.988,0.0,0.0
1677.01,26.699,27.988,0.0,0.0
1678.01,26.699,27.988,0.0,0.0
1679.0,26.699,27.988,0.0,0.0
1680.01,26.699,27.956,0.0,0.0
1681.0,26.699,27.73,0.0,0.0
1682.01,26.506,27.698,0.0,0.0
1683.0,26.667,27.666,0.0,0.0
1684.01,26.699,27.666,0.0,0.0
1685.0,26.699,27.666,0.0,0.0
1686.01,26.699,27.666,0.0,0.0
1687.01,26.441,27.666,0.0,0.0
1688.0,26.57,27.666,0.0,0.0
1689.01,26.57,27.602,0.0,0.0
1690.0,26.377,27.505,0.0,0.0
1691.01,26.377,27.408,0.0,0.0
1692.01,26.377,27.344,0.0,0.0
1693.01,26.377,27.344,0.0,0.0
1694.01,26.377,27.344,0.0,0.0
1695.01,26.377,27.344,0.0,0.0
1696.01,26.377,27.344,0.0,0.0
1697.0,26.377,27.344,0.0,0.0
1698.01,26.377,27.344,0.0,0.0
1699.01,26.377,27.183,0.0,0.0
1700.01,26.377,27.118,0.0,0.0
1701.0,26.313,27.021,0.0,0.0
1702.0,26.377,27.021,0.0,0.0
1703.0,26.377,27.021,0.0,0.0
1704.01,26.28,27.021,0.0,0.0
1705.01,26.151,27.021,0.0,0.0
1706.0,26.087,27.021,0.0,0.0
1707.01,26.055,27.021,0.0,0.0
1708.02,26.055,26.796,0.0,0.0
1709.0,26.055,26.796,0.0,0.0
1710.01,26.055,26.699,0.0,0.0
1711.0,26.055,26.699,0.0,0.0
1712.01,26.055,26.699,0.0,0.0
1713.01,26.055,26.699,0.0,0.0
1714.0,26.022,26.699,0.0,0.0
1715.0,25.958,26.667,0.0,0.0
1716.01,26.022,26.699,0.0,0.0
1717.01,25.894,26.635,0.0,0.0
1718.01,25.765,26.57,0.0,0.0
1719.01,25.732,26.441,0.0,0.0
1720.0,25.732,26.409,0.0,0.0
1721.01,25.732,26.377,0.0,0.0
1722.0,25.732,26.377,0.0,0.0
1723.01,25.732,26.377,0.0,0.0
1724.01,25.732,26.377,0.0,0.0
1725.01,25.732,26.377,0.0,0.0
1726.01,25.7,26.377,0.0,0.0
1727.01,25.7,26.377,0.0,0.0
1728.01,25.7,26.345,0.0,0.0
1729.01,25.668,26.216,0.0,0.0
1730.0,25.539,26.119,0.0,0.0
1731.01,25.442,26.055,0.0,0.0
1732.0,25.41,26.055,0.0,0.0
1733.0,25.41,26.055,0.0,0.0
1734.02,25.41,26.055,0.0,0.0
1735.01,25.41,26.055,0.0,0.0
1736.0,25.41,26.055,0.0,0.0
1737.01,25.41,25.99,0.0,0.0
1738.01,25.41,25.99,0.0,0.0
1739.01,25.41,25.99,0.0,0.0
1740.02,25.41,25.797,0.0,0.0
1741.01,25.41,25.797,0.0,0.0
1742.0,25.346,25.765,0.0,0.0
1743.01,25.41,25.732,0.0,0.0
1744.01,25.41,25.732,0.0,0.0
1745.01,25.249,25.732,0.0,0.0
1746.02,25.378,25.732,0.0,0.0
1747.01,25.152,25.732,0.0,0.0
1748.02,25.152,25.732,0.0,0.0
1749.01,25.12,25.636,0.0,0.0
1750.01,25.088,25.604,0.0,0.0
1751.01,25.088,25.507,0.0,0.0
1752.01,25.088,25.41,0.0,0.0
1753.01,25.088,25.41,0.0,0.0
1754.0,25.088,25.41,0.0,0.0
1755.01,25.088,25.41,0.0,0.0
1756.01,25.088,25.41,0.0,0.0
1757.0,25.088,25.41,0.0,0.0
1758.01,25.088,25.41,0.0,0.0
1759.01,25.088,25.41,0.0,0.0
1760.01,25.088,25.346,0.0,0.0
1761.01,25.088,25.313,0.0,0.0
1762.01,25.088,25.249,0.0,0.0
1763.01,25.088,25.088,0.0,0.0
1764.01,25.088,25.12,0.0,0.0
1765.01,24.798,25.088,0.0,0.0
1766.01,25.056,25.088,0.0,0.0
1767.01,24.798,25.088,0.0,0.0
1768.01,24.83,25.088,0.0,0.0
1769.01,24.766,25.088,0.0,0.0
1770.01,24.766,25.088,0.0,0.0
1771.01,24.766,25.088,0.0,0.0
1772.01,24.766,25.088,0.0,0.0
1773.01,24.766,24.927,0.0,0.0
1774.0,24.766,25.088,0.0,0.0
1775.01,24.766,24.798,0.0,0.0
1776.01,24.766,24.798,0.0,0.0
1777.01,24.766,24.766,0.0,0.0
1778.01,24.766,24.766,0.0,0.0
1779.01,24.508,24.766,0.0,0.0
1780.01,24.701,24.766,0.0,0.0
1781.01,24.733,24.766,0.0,0.0
1782.01,24.766,24.766,0.0,0.0
1783.01,24.54,24.766,0.0,0.0
1784.01,24.701,24.766,0.0,0.0
1785.01,24.637,24.766,0.0,0.0
1786.0,24.54,24.766,0.0,0.0
1787.0,24.508,24.701,0.0,0.0
1788.01,24.54,24.572,0.0,0.0
1789.01,24.443,24.54,0.0,0.0
1790.0,24.443,24.476,0.0,0.0
1791.0,24.443,24.443,0.0,0.0
1792.01,24.443,24.443,0.0,0.0
1793.01,24.443,24.443,0.0,0.0
1794.0,24.443,24.443,0.0,0.0
1795.0,24.443,24.443,0.0,0.0
1796.01,24.443,24.443,0.0,0.0
1797.0,24.443,24.443,0.0,0.0
1798.01,24.443,24.443,0.0,0.0
1799.01,24.443,24.443,0.0,0.0
1800.0,24.443,24.347,0.0,0.0
1801.0,24.443,24.379,0.0,0.0
1802.01,24.443,24.379,0.0,0.0
1803.01,24.411,24.218,0.0,0.0
1804.01,24.411,24.121,0.0,0.0
1805.0,24.282,24.121,0.0,0.0
1806.0,24.314,24.121,0.0,0.0
1807.01,24.314,24.121,0.0,0.0
1808.01,24.186,24.121,0.0,0.0
1809.01,24.153,24.121,0.0,0.0
1810.01,24.153,24.121,0.0,0.0
1811.01,24.121,24.121,0.0,0.0
1812.01,24.121,24.121,0.0,0.0
1813.01,24.121,24.121,0.0,0.0
1814.0,24.121,24.057,0.0,0.0
1815.01,24.121,24.057,0.0,0.0
1816.01,24.121,24.057,0.0,0.0
1817.01,24.121,23.863,0.0,0.0
1818.0,24.121,23.831,0.0,0.0
1819.0,24.121,23.863,0.0,0.0
1820.01,24.121,23.799,0.0,0.0
1821.01,24.121,23.799,0.0,0.0
1822.01,24.121,23.799,0.0,0.0
1823.0,24.024,23.799,0.0,0.0
1824.0,24.089,23.799,0.0,0.0
1825.0,23.992,23.799,0.0,0.0
1826.01,24.024,23.799,0.0,0.0
1827.01,23.992,23.799,0.0,0.0
1828.0,23.992,23.799,0.0,0.0
1829.01,23.863,23.799,0.0,0.0
1830.01,23.863,23.767,0.0,0.0
1831.01,23.799,23.734,0.0,0.0
1832.0,23.831,23.67,0.0,0.0
1833.01,23.799,23.638,0.0,0.0
1834.0,23.799,23.477,0.0,0.0
1835.01,23.799,23.477,0.0,0.0
1836.0,23.799,23.477,0.0,0.0
1837.01,23.799,23.477,0.0,0.0
1838.0,23.799,23.477,0.0,0.0
1839.0,23.799,23.477,0.0,0.0
1840.0,23.799,23.477,0.0,0.0
1841.0,23.799,23.477,0.0,0.0
1842.01,23.799,23.477,0.0,0.0
1843.0,23.799,23.477,0.0,0.0
1844.01,23.799,23.477,0.0,0.0
1845.0,23.799,23.477,0.0,0.0
1846.01,23.767,23.477,0.0,0.0
1847.01,23.767,23.412,0.0,0.0
1848.01,23.67,23.38,0.0,0.0
1849.01,23.638,23.348,0.0,0.0
1850.0,23.509,23.187,0.0,0.0
1851.01,23.67,23.187,0.0,0.0
1852.01,23.605,23.154,0.0,0.0
1853.01,23.509,23.154,0.0,0.0
1854.01,23.477,23.154,0.0,0.0
1855.01,23.573,23.154,0.0,0.0
1856.01,23.509,23.154,0.0,0.0
1857.02,23.477,23.154,0.0,0.0
1858.0,23.477,23.09,0.0,0.0
1859.02,23.477,23.09,0.0,0.0
1860.0,23.477,23.154,0.0,0.0
1861.01,23.477,23.154,0.0,0.0
1862.02,23.477,23.154,0.0,0.0
1863.01,23.477,23.154,0.0,0.0
1864.02,23.477,23.122,0.0,0.0
1865.01,23.477,23.154,0.0,0.0
1866.02,23.477,23.058,0.0,0.0
1867.02,23.477,23.025,0.0,0.0
1868.01,23.477,22.929,0.0,0.0
1869.0,23.477,22.961,0.0,0.0
1870.02,23.477,22.832,0.0,0.0
1871.01,23.38,22.896,0.0,0.0
1872.01,23.444,22.864,0.0,0.0
1873.01,23.444,22.832,0.0,0.0
1874.0,23.38,22.864,0.0,0.0
1875.0,23.477,22.832,0.0,0.0
1876.02,23.315,22.832,0.0,0.0
1877.0,23.412,22.832,0.0,0.0
1878.01,23.348,22.832,0.0,0.0
1879.0,23.219,22.832,0.0,0.0
1880.01,23.154,22.832,0.0,0.0
1881.01,23.154,22.832,0.0,0.0
1882.01,23.251,22.832,0.0,0.0
1883.01,23.154,22.832,0.0,0.0
1884.0,23.187,22.832,0.0,0.0
1885.01,23.154,22.8,0.0,0.0
1886.01,23.154,22.832,0.0,0.0
1887.01,23.154,22.8,0.0,0.0
1888.01,23.154,22.735,0.0,0.0
1889.01,23.154,22.768,0.0,0.0
1890.01,23.154,22.574,0.0,0.0
1891.01,23.154,22.735,0.0,0.0
1892.01,23.154,22.606,0.0,0.0
1893.01,23.154,22.574,0.0,0.0
1894.0,23.154,22.542,0.0,0.0
1895.01,23.154,22.51,0.0,0.0
1896.0,23.154,22.51,0.0,0.0
1897.01,23.154,22.51,0.0,0.0
1898.01,23.154,22.51,0.0,0.0
1899.01,23.122,22.51,0.0,0.0
1900.02,23.09,22.51,0.0,0.0
